,term,df,SumOfSqs,R2,statistic,p.value
1,condition,1,73214.5725309652,0.226781436526119,3.51954462408009,0.002
2,Residual,12,249627.427469035,0.773218563473881,NA,NA
3,Total,13,322842,1,NA,NA
